{"position": {"x": 0.05112028887330558, "y": -0.012565094524832121, "z": 0.01632391307531611}, "rotation": {"w": 0.00010108790358380682, "x": 0.7687646026952697, "y": -0.6395309109469658, "z": -0.0010905812046557992}}